country,2015,2016,2017,2018,2019,2020,2021,2022,2023,2024
Afghanistan,565.57,522.08,525.47,491.34,496.6,510.79,356.5,357.26,413.76,
Africa Eastern and Southern,1479.62,1329.81,1520.21,1538.9,1493.82,1344.1,1522.39,1628.32,1568.16,1673.84
Africa Western and Central,1860.73,1630.04,1574.23,1720.14,1798.34,1680.04,1765.95,1796.67,1599.39,1284.15
Albania,3981.73,4168.38,4614.05,5365.49,5460.43,5370.78,6413.28,6846.43,8575.17,10011.63
Algeria,4685.06,4424.99,4554.67,4577.21,4468.45,3743.54,4160.56,4961.55,5364.03,5631.18
American Samoa,12727.41,12843.33,11863.68,12552.05,12886.14,14489.26,15236.16,18017.46,,
Andorra,38654.93,40129.82,40672.99,42819.77,41257.8,37361.09,42425.7,42414.06,46812.45,49303.67
Angola,3213.9,1807.95,2437.26,2538.59,2189.86,1449.92,1925.87,2929.69,2309.53,2122.08
Antigua and Barbuda,16077.63,16556.86,16965.73,18273.43,18896.37,15369.61,17348.6,20105.2,21494.55,23725.79
Arab World,6262.04,6012.51,6066.73,6668.22,6638.49,5722.48,6681.71,7931.62,7479.69,7521.15
Argentina,13679.63,12699.96,14532.5,11752.8,9955.97,8535.6,10738.02,13935.68,14187.48,13858.2
Armenia,3512.39,3524.42,3869.05,4196.01,4597.23,4268.68,4685.18,6571.97,8125.27,8500.61
Aruba,27458.23,27441.53,28440.05,30082.13,31096.21,22855.93,27200.06,30559.53,33984.79,
Australia,56739.03,49888.04,53901.71,57196.42,54972.7,51791.54,60607.78,64997.01,64835.92,64407.48
Austria,43915.23,45061.5,47163.74,51194.07,49885.99,48716.41,53648.72,52176.66,56033.57,56833.2
Azerbaijan,5500.5,3880.69,4147.2,4739.79,4805.75,4229.91,5408.05,7770.59,7133.03,7283.84
"Bahamas, The",30719.41,30616.54,31875.49,32642.34,33640.34,26178.75,30367.86,34957.16,38231.77,39455.45
Bahrain,23734.06,23800,24784.77,26324.41,27259.74,24342.84,27147.81,30470.52,29290.13,30048.22
Bangladesh,1224.39,1649.28,1811.08,1965.24,2129.8,2248.85,2482.85,2716.49,2551.02,2593.42
Barbados,18954.29,19065.81,19692.76,20055.92,20583.73,18347.11,18696.79,22164.03,23804.02,25365.79
Belarus,5967.06,5039.78,5785.54,6360.04,6837.77,6542.86,7489.72,7994.65,7896.75,8316.65
Belgium,40893.8,41854.55,44035.32,47487.21,46716.62,45906.29,51658.24,50822.25,54690.09,55954.61
Belize,6154.5,6142.5,6072.58,6031.28,6190.05,5227.19,6122.61,7068.45,7460,8429.68
Benin,1002.42,1010.53,1054.97,1151.74,1130.82,1200.19,1318.65,1266.43,1394.18,1485.38
Bermuda,104855.37,108747.36,112339.43,113204.82,115798.04,106976.55,112765.08,121613.94,132604.44,138934.96
Bhutan,2954.04,3152.31,3435.29,3400.2,3576.88,3191.67,3570.61,3711.33,3839.41,
Bolivia,2996.01,3035.87,3306.3,3500.73,3503.9,3099.94,3384.84,3643.93,3686.28,4001.21
Bosnia and Herzegovina,4662.26,4928.57,5345.02,6047.85,6122.38,6130.31,7295.34,7655.59,8663.02,8957.37
Botswana,6141.2,6749.06,7104.96,7407.96,7172.09,6323.3,7807.89,8328.71,7826.35,7695.24
Brazil,8936.2,8836.29,10080.51,9300.66,9029.83,7074.19,7972.54,9281.33,10377.59,10280.31
British Virgin Islands,,,,,,,,,,
Brunei Darussalam,30625.13,26663.3,28024.38,30988.12,30426.57,26834.36,31006.96,36632.93,32890.55,33417.84
Bulgaria,7268.65,7822.5,8696.69,9872.39,10372.8,10769.95,12972.22,13999.67,15883.86,17412.41
Burkina Faso,630.12,663.74,709.09,777.47,764.85,825.24,895.54,836.12,882.69,987.32
Burundi,280.97,235.29,236.69,224.9,210.24,210.01,214.09,250.63,192.07,153.93
Cabo Verde,3415.06,3608.97,3893.1,4294.97,4380.78,3539.23,3971.44,4323.31,4861.29,5272.85
Cambodia,1547.32,1675.2,1826.35,2036.67,2225.88,2081.74,2167.4,2325.03,2429.75,2627.88
Cameroon,1415,1441.72,1496.09,1610.7,1555.23,1555.6,1672.33,1604.88,1736.86,1762.37
Canada,43594.19,42314.06,45129.63,46539.18,46352.87,43537.84,52886.66,56256.8,54220.33,54282.62
Caribbean small states,14402.47,13297.74,13637.12,13815.33,13938.2,11925.76,13833.31,17355.84,17582.26,20173.96
Cayman Islands,76379.21,77802.25,80053.94,83865.55,88254.29,82338.8,86438.45,92202.15,97749.51,
Central African Republic,366.32,387.18,432.32,455.24,449.23,462.88,492.26,467.36,495.98,516.17
Central Europe and the Baltics,12596.95,12874.74,14339.86,16245.19,16551.85,16595.94,19239.82,19548.69,22699.54,24543.3
Chad,993.99,861.83,854.46,948.66,893.34,866.95,946.36,966.04,989.06,1016.09
Channel Islands,61852.07,55950.15,55806.57,60783.35,60568.11,56785.94,66912.18,67627.31,74589.14,
Chile,13433.92,13649.85,14879.91,15659.48,14495.72,13114.82,16206.83,15405.62,17067.04,16709.89
China,8175.33,8254.87,8979.68,10085.66,10342.9,10627.46,12887.44,12970.61,12951.18,13303.15
Colombia,6248.51,5959.84,6479.53,6816.97,6472.55,5339.69,6222.62,6680.45,7000.84,7913.99
Comoros,1329.37,1365.48,1423.92,1540.71,1519.26,1527.17,1587.73,1533.88,1682.2,1784.12
"Congo, Dem. Rep.",467.91,442.31,436.58,528.26,557.04,507.52,558.03,642.61,633.4,647.44
"Congo, Rep.",2439.35,2093.11,2211.63,2694.43,2488.42,1993.59,2516.16,2620.84,2477.98,2482.25
Costa Rica,11714.71,12091.03,12317.09,12590.25,12884.69,12394.05,12838.12,13625.9,16942.03,18587.15
Cote d'Ivoire,1814.72,1862.6,1964.3,2130.87,2141.77,2179.73,2455.98,2333.37,2554.67,2709.9
Croatia,12285.3,12821.17,13902.63,15460.42,15563.82,14808.46,17789.93,18466.1,21865.46,23931.45
Cuba,7727.92,8110.56,8610.61,8911.46,9232.26,9605.26,,,,
Curacao,19361.81,18944.1,18938.24,19119.12,19220.69,16356.09,17980,20501.75,21061.74,
Cyprus,23487.23,24715.15,26696.99,29599.99,29703.05,28649.02,33734.04,33894.45,36551.42,38654.17
Czechia,17931.6,18753.97,20913.2,23705.93,24062.72,23472.89,27696.46,28282.22,31591.06,31706.62
Denmark,53094.01,54500.93,57521.55,61324.77,59404.27,60985.49,69727.99,68091.32,68453.88,71851.76
Djibouti,2376.13,2510.43,2618.96,2718.08,2837.17,2844.89,3025.91,3133.26,3397.52,3496.47
Dominica,8282.6,8802.56,8224.65,9215.31,9491.15,7827.75,8376.4,9323.66,9912.96,10405.28
Dominican Republic,6800.95,7160.44,7412.72,7882.98,8183.02,7135.22,8527.08,10104.24,10630.43,10875.66
Early-demographic dividend,3219.69,3269.98,3505.11,3515.77,3543.32,3250.75,3765.51,4113,4322.18,4529.83
East Asia & Pacific,9657.53,9928.67,10526.68,11394.48,11578.27,11595.29,13282.76,13084.28,13117.91,13349.08
East Asia & Pacific (IDA & IBRD countries),6664.49,6758.74,7323.51,8136.37,8379.41,8485.42,10086.48,10220.36,10239.67,10513.98
East Asia & Pacific (excluding high income),6589.77,6683.18,7241.93,8045.94,8286.44,8391.37,9974.64,10106.87,10125.77,10396.83
Ecuador,5976.16,5917.64,6233.32,6303.92,6205.06,5463.65,6061.32,6515.59,6737.85,6874.71
"Egypt, Arab Rep.",3306.98,3270.63,2395.1,2484.7,2962.99,3511.11,3827.35,4233.31,3456.79,3338.47
El Salvador,3790.34,3901.34,4020.13,4183.55,4320.12,3997.19,4642.61,5074.6,5365.44,5579.66
Equatorial Guinea,9068.91,7453.2,7809.1,8102.47,6804.15,5764.06,6945.63,7589.3,6677.79,6745.4
Eritrea,,,,,,,,,,
Estonia,17722.16,18666.37,20851.52,23618.14,24021.25,23933.99,27953.77,28451.15,30133.3,31170.09
Eswatini,3420.75,3239.81,3853.99,3973.46,3913.13,3454.78,3966.3,3889.65,3741.69,3936.11
Ethiopia,621.85,696.2,745.63,747.97,828.71,905.31,910.95,1011.07,,
Euro area,34467.58,35232.27,37237.54,40096.71,39212.51,38234.53,42967.26,41446.43,45068.7,46724.36
Europe & Central Asia,22676.95,22496.78,23780.62,25362.68,24975.42,24121.48,27591.41,27782.86,29835.72,31392.58
Europe & Central Asia (IDA & IBRD countries),8004.57,7653.98,8560.71,8890.62,9034.43,8456.58,9987.99,11410.44,12106.92,13257.57
Europe & Central Asia (excluding high income),6282.95,5977.69,6112.7,5952.25,6020.64,5733.42,6623.35,7247.61,8571.41,9668.56
European Union,30769.09,31462.43,33391.97,36054.4,35374.64,34698.4,39214.37,37962.83,41392.07,43145.16
Faroe Islands,52635.04,56875.28,59387.35,62526.49,63067.07,62240.82,68749.4,66139.38,71774.35,
Fiji,5097.53,5363.79,5826.85,6085.42,5950.83,4844.42,4696.17,5405.03,5888.74,6288.4
Finland,42560.35,43451.26,46085.02,49654.25,48358.18,48828.68,53099.14,50440.56,52821.51,53188.62
Fragile and conflict affected situations,1818.81,1639.71,1710.94,1828.23,1898.51,1689.92,1763.85,1903.9,1781.86,1690.97
France,36702.43,37024.22,38687.16,41418.18,40408.28,39169.86,43725.1,41082.81,44690.93,46150.49
French Polynesia,19166.96,19690.08,20826.93,21925.62,21582.59,19966.48,21982.9,20738.65,22774.14,
Gabon,7047.13,6677.07,6921.73,7624.28,7441.18,6605.8,8181.41,8409.21,8071.4,8218.76
"Gambia, The",619.54,650.06,642.52,696.22,738.19,720.34,781.89,836.24,888.16,908.53
Georgia,4086.62,4143.4,4418.75,4804.05,4741.28,4300.86,5083.61,6729.85,8283.67,9193.66
Germany,41911.01,42961.04,45526.6,48874.86,47623.87,47379.77,52265.65,49686.12,53940.41,55800.22
Ghana,1722.77,1912.48,2012.29,2195.32,2186.66,2195.45,2445.19,2229.89,2383.9,2405.79
Gibraltar,,,,,,,,,,
Greece,17980.73,17919.24,18631.99,19873.4,19335.36,17886.73,20654.7,20971.83,23400.73,24752.11
Greenland,44536.35,48181.75,50765.75,54545.14,53309.2,54812.67,58135.99,55635,58498.97,
Grenada,8694.12,9221.23,9751.43,10083.02,10462.79,8968.56,9622.24,10535.46,11308.29,11871.61
Guam,35165.7,35930.66,36779.01,37195.95,39274.94,36482.94,38074.88,41833.15,,
Guatemala,3893.51,4060.14,4325,4352.95,4512,4477.62,4912.62,5358.7,5758.31,6150.03
Guinea,747.36,712,833.6,933.27,1031.34,1053.66,1244.97,1416.6,1555.49,1717.02
Guinea-Bissau,645.07,679.67,783.12,808.53,807.43,836.27,912.48,873.44,964.93,962.98
Guyana,5640.42,5870.88,6178.67,6048.39,6405.82,6775.71,9860.87,17913.49,20473.7,29883.63
Haiti,1411.13,1318.4,1395.24,1496.38,1352.17,1290.33,1835.44,1760.63,1705.76,2142.62
Heavily indebted poor countries (HIPC),918,900.5,939.75,977.35,984.57,968.07,1050,1111.39,1173.17,1272.36
High income,36571.19,37055.75,38782.92,41079.79,41351.5,40219.14,45211.94,46655.16,48708.46,50443.93
Honduras,2271.2,2307.34,2413.01,2464.64,2502.33,2307.61,2735.15,3003.29,3227.46,3426.43
"Hong Kong SAR, China",42432.16,43734.2,46160.43,48537.57,48359,46109.23,49770.56,48825.84,50565.46,54107.03
Hungary,12782.94,13215.86,14736.17,16605.06,17012.86,16386.93,19030.63,18483.64,22312.18,23310.75
IBRD only,5572.51,5560.96,6080.71,6429.49,6517.95,6236.68,7366.11,7745.39,7964.74,8253.92
IDA & IBRD total,4494.44,4467.7,4853.17,5111.82,5169.58,4932.65,5764.26,6043.78,6162.31,6351.48
IDA blend,1947.84,1790.52,1804.57,1869.42,1878.13,1735.43,1857.2,1962.52,1729.92,1565.84
IDA only,1023.94,1058.23,1116.07,1160.5,1194.07,1179.87,1254.1,1330.4,1347.75,1444.43
IDA total,1350.63,1316.75,1358.71,1409.9,1434.2,1374.49,1465.05,1551.17,1480.94,1486.65
Iceland,52951.68,61987.93,72010.15,74452.19,68452.24,59023.57,69178.4,75121.02,79960.1,82703.86
India,1584,1707.51,1950.1,1966.25,2041.43,1907.04,2239.61,2347.45,2530.12,2696.66
Indonesia,3288.22,3521.47,3798.88,3860.95,4106.95,3853.7,4287.17,4730.83,4876.31,4925.43
"Iran, Islamic Rep.",4952.73,5477.04,5753.12,4631.79,3831.28,2988.78,4334.79,4405.09,4465.64,4771.4
Iraq,4440.14,4334.42,4759.28,5646.69,5671.86,4295.19,4868.49,6520.73,5965.32,6073.61
Ireland,64311.82,64192.94,72198.11,80738.96,81810.19,86622.51,103961.98,105234.51,103887.8,107316.34
Isle of Man,84753.52,82025.95,83481.3,89393.82,87127.55,79513.53,94299.97,88328.55,,
Israel,36213.1,37671.54,41138.47,42362.67,44250.63,44575.57,52270.9,54949.62,52003.72,54176.68
Italy,30639.88,31391.57,32844.12,34904.11,33812.79,32091.49,36852.54,35653.9,39065.42,40226.05
Jamaica,5062.9,5009.79,5259.31,5578.1,5607.24,4879.44,5165.34,6022.15,6839.73,7019.75
Japan,34960.64,39375.47,38834.05,39751.13,40415.96,40028.73,40094.56,34065.64,33836.18,32475.89
Jordan,4042.76,3986.72,4065.62,4145.44,4170.11,4022.04,4183.5,4332.25,4466.08,4618.1
Kazakhstan,10196.12,7475.57,8943.08,9472.49,9457.13,8781.51,9983.6,11255.34,12879.43,14005.35
Kenya,1489.12,1554.13,1667.48,1836.45,1960.41,1927.66,2061.36,2109.56,1952.3,2206.13
Kiribati,1639.85,1742.67,1853.05,1912.74,1751,1751.78,2222.05,2069.77,2177.7,2288.63
"Korea, Dem. People's Rep.",,,,,,,,,,
"Korea, Rep.",28737.44,29280.44,31600.74,33447.16,31902.42,31721.3,35125.52,32394.68,33121.37,
Kosovo,3520.63,3759.45,4009.32,4384.19,4416,4310.89,5270.43,5290.95,6221.2,7299.43
Kuwait,29882.21,27323.69,29047.65,32067.96,31707.87,25236.08,34018.63,39981.77,34075.85,32213.86
Kyrgyz Republic,1105.65,1103.27,1221.39,1283.52,1422,1229.52,1350,1739.72,2138.22,2419.27
Lao PDR,2121.01,2303.22,2432.43,2545.11,2589.32,2583.78,2526.05,2046.4,2066.95,2123.98
Late-demographic dividend,8325.55,8290.74,9131.37,9959.67,10112.2,9869.54,11755.42,12280.11,12422.73,12843.33
Latin America & Caribbean,8758.63,8460.66,9308.7,9032.04,8830.23,7445.3,8597.53,9716.03,10838.83,11044.68
Latin America & Caribbean (excluding high income),8307.33,7975.72,8811.14,8468.2,8266.47,6892.38,7955.36,9093.65,10166.93,10344.67
Latin America & the Caribbean (IDA & IBRD countries),8616.96,8301.81,9163.65,8875.74,8654.95,7240.3,8382.43,9482.78,10593.12,10784.32
Latvia,13321.98,13838.53,15132.5,17252.17,17294.98,17564.23,20261.89,20227.23,22675.58,23367.6
Least developed countries: UN classification,970.92,963.95,1030.33,1072.37,1104.19,1088.7,1161.53,1273.79,1254.23,1325.31
Lebanon,7714.11,8089.01,8608.21,9174.54,8905.88,5561.19,4045.37,3654.36,3477.72,
Lesotho,1121.2,992.49,1069.37,1170.66,1082.06,918.58,1066.59,1030.13,916.28,971.81
Liberia,692.59,714.61,699.27,692.2,658.16,616.79,667.97,744.62,799.19,846.28
Libya,7458.49,7525.8,9965.83,11196.59,9963.19,6650.34,4935.83,5986.64,6172.81,6318.4
Liechtenstein,167187.16,165375.49,170547.09,174988.78,166907.84,164671.09,201944.83,186821.88,207973.62,
Lithuania,14269.8,14934.27,16800.15,19247.23,19608.79,20428.65,23870.46,25085.78,27786.01,29386.29
Low & middle income,4282.05,4269.77,4607.32,4846.86,4904.42,4698.52,5485.92,5702.28,5819.84,5974.8
Low income,736.65,630.77,635.48,647.16,654.94,607.96,643.37,723.5,697.17,746.93
Lower middle income,1843.92,1892.71,2019.5,2078.76,2153.95,2058.43,2302.45,2424.15,2443.41,2517.63
Luxembourg,105462.01,106899.29,110193.21,116926.76,112696.65,116860.03,134965.82,123719.66,131407.68,137516.59
"Macao SAR, China",70070.29,69074.04,77704.92,83761.82,81967.7,36976.26,45376.31,36909.96,67476.53,73046.89
Madagascar,445.32,453.97,491.87,500.46,499.82,450.77,483.47,503.51,508.72,545
Malawi,539.61,450.51,495.77,533.2,580.89,602.51,617.45,604.27,602.34,508.37
Malaysia,9648.68,9476.53,9862.55,10901.8,10920.19,9957.53,10903.11,11748.09,11379.09,11867.26
Maldives,9644.91,9947.81,10509.63,11423.28,11740.27,7393.89,10176.14,11786.01,12530.36,13215.54
Mali,838.12,872.47,924.06,996.38,971.95,953.24,1027.27,969.72,1035.86,1086.18
Malta,25529.68,26459.08,30317.24,33382.27,32421.92,31833.6,38065.35,36224.28,40182.43,42347.31
Marshall Islands,3764.34,4229.81,4592.83,4858.12,5292.34,5661.97,6258.61,6322.83,6678.34,7466.65
Mauritania,1554.95,1565.77,1615,1722.94,1767.07,1795.76,1947.79,1960.35,2120.82,2082.78
Mauritius,9507.87,9965.73,10841.68,11643.46,11403.25,9011.04,9068.97,10223.79,11182.19,11871.73
Mexico,10021.24,9097.92,9649.28,10084.79,10369.56,8841.27,10314.05,11402.14,13826.13,14157.94
"Micronesia, Fed. Sts.",2911.16,2979.6,3279.11,3566.59,3572.66,3362.03,3508.22,3710.12,3941.37,4166
"Middle East, North Africa, Afghanistan & Pakistan",5108.83,5080.74,5232.3,5509.56,5371.49,4707.82,5575.27,6383.4,6063.05,6180.86
"Middle East, North Africa, Afghanistan & Pakistan (IDA & IBRD)",2799.45,2828.1,2822.36,2784.51,2667.56,2375.47,2712.78,2970.11,2792.71,2905.83
"Middle East, North Africa, Afghanistan & Pakistan (excluding high income)",2802.63,2832.83,2827.77,2789.83,2674.37,2381.43,2719.53,2975.96,2797.41,2903.6
Middle income,4599.81,4600.23,4973.54,5240.74,5310.45,5096.74,5966,6205.55,6347.75,6524.26
Moldova,2749.55,2847.09,3453.27,4156.45,4405.33,4375.78,5274.61,5744.3,6799.59,7617.52
Monaco,170437.1,173604.75,170663.38,188298.32,193746.79,176891.89,223823.36,226052,256580.52,
Mongolia,3838.92,3619.9,3645.97,4107.64,4347.55,4001.25,4517.62,4993.51,5838.63,6691.48
Montenegro,6491.19,6999.14,7758.37,8790.88,8842.49,7612.63,9377.49,9990.2,12077.37,12935.45
Morocco,3146.25,3140.86,3296.53,3501.7,3508.1,3268.03,3785.94,3455.4,3771.45,3993.39
Mozambique,610.56,441.49,470.94,517.51,519.09,462.43,509.91,578.25,622.99,647.29
Myanmar,1166.73,1229.2,1272.82,1298.21,1425.99,1490.22,1242.72,1158.05,1233.2,1359.26
Namibia,4774.11,4395.69,5143.96,5308.61,4731.92,3878.59,4412.84,4349.8,4187.61,4413.13
Nauru,7703.43,8724.31,9613.41,11408.69,10776.83,10695.7,14989.66,12896.43,12754.19,13421.83
Nepal,875.54,877.26,1034.28,1179.2,1203.14,1154.22,1252.75,1385.91,1382.33,1447.31
Netherlands,45793.81,46808.53,49513.68,53955.08,53554.9,53467.93,60141.99,59123.32,64572.01,68218.73
New Caledonia,30858.72,30782.85,32354.71,34902.9,33411.34,33270.33,35311.55,33516.36,,
New Zealand,38665.37,40113.72,42950.38,43257.08,42779.23,41850.92,49689.5,48760.04,48654.9,48747.01
Nicaragua,2074.46,2131.69,2182.61,2035.17,1958.62,1938.45,2138.39,2322.89,2609.44,2847.54
Niger,485.66,502.71,521.8,578.57,561.69,579.51,608.72,609.75,638.34,722.75
Nigeria,2585.73,2070.41,1876.34,2057.88,2265.16,2019.66,2017.27,2139.37,1596.64,806.95
North America,55534.46,56416.79,58555.89,61228.2,63306.8,62262.64,69412.91,75613.45,79326.91,82406.48
North Macedonia,5262.69,5598.49,5955.3,6713.99,6718.86,6659.6,7620.8,7606.24,8624.28,9310.03
Northern Mariana Islands,17665.1,24225.47,31225.6,26509.36,24496.67,18220.84,19455.5,23785.75,,
Norway,74809.97,70867.36,76131.84,82792.84,76430.59,68340.02,93072.89,109269.52,87497.33,86809.72
OECD members,35772.53,36236,37617.86,39539.19,39718.01,38704.98,43149.61,44046.43,46672.51,48454.7
Oman,18808.31,17110.19,17820.07,19901.76,19180.19,16784.86,19403.46,23223.58,20972.48,20248.42
Other small states,10334.1,10776.87,11912.48,12980.34,12871.17,11728.95,13671.46,14298.1,15151.47,15867.67
Pacific island small states,3721.79,3853.81,4096.99,4245.78,4170.32,3666.09,3649.53,3888.63,4153.2,4399.41
Pakistan,1380.47,1424.69,1519.23,1569.34,1390.42,1278.4,1455.32,1538.32,1365.17,1484.75
Palau,15690.76,16762.57,16034.13,16197.73,15841.2,14556.59,13257.21,14392.2,15899.42,
Panama,14082.65,14832.36,15694.63,16151.33,16477.91,13290.56,15509.81,17332.44,18686.41,19102.85
Papua New Guinea,2484.6,2316.39,2477.77,2566.37,2575.77,2429.61,2607.58,3102.29,2966.07,3076.49
Paraguay,5879.34,5775.16,6152.27,6258.45,5821.18,5365.47,5976.93,6205.63,6299.99,6416.1
Peru,6231.71,6217.04,6736.17,6978.49,7037.01,6133.33,6826.2,7350.63,7887.54,8452.37
Philippines,2909.86,2985.2,3038.12,3168.51,3400.79,3227.58,3484.39,3548.07,3804.08,3984.83
Poland,12637.52,12464.01,13913.34,15658.21,15874.52,16150.93,18635.51,18891.21,22145.26,25022.67
Portugal,19215.78,19980.28,21442.38,23541.14,23343.36,22299.4,24711.45,24620.52,27386.29,28844.5
Post-demographic dividend,40767.67,41511.11,43134.09,45528.33,45864.97,44887.38,50022.04,51102.36,53961.34,55865.79
Pre-demographic dividend,1508.89,1307.19,1327.76,1439.93,1476.62,1320.71,1412.71,1577.72,1416.33,1290.2
Puerto Rico (US),29242.04,29978.09,30328.49,30679.92,31830.53,31427.11,32619.07,35353.68,36948.4,39285.02
Qatar,68985.29,61253.64,63279.86,71039.85,66841.3,51683.51,71751.88,88701.46,80195.87,76275.91
Romania,8977.02,9404.54,10727.98,12502.26,12992.03,13082.3,14986.79,15557.88,18404.27,20072.41
Russian Federation,9277.71,8663.16,10658.91,11211.89,11447.7,10108.33,12425.03,15619.61,14159.39,14889.02
Rwanda,734,729.52,758.3,771.77,810.05,778.7,829.54,975.47,1027.03,999.65
Samoa,4084.36,4147.07,4307.59,4231.81,4351.94,4099.66,3947.65,3869.47,4330.18,4898.77
San Marino,43146.82,44359.48,45192.03,47950.69,46627.01,44426.65,54168.98,54264.57,,
Sao Tome and Principe,1298.11,1434.87,1555.79,1825.6,1935.29,2167.22,2362.59,2389.74,2940.93,3244.83
Saudi Arabia,23256.15,22267.72,23929.29,29360.07,29566.79,24338.83,31920.77,38510.23,36156.85,35057.23
Senegal,1218.01,1266.44,1356.81,1452.56,1431.18,1461.09,1598.11,1574.03,1698.03,1743.99
Serbia,5820.32,5982.37,6548.04,7559.86,7755.63,8098.71,9680.53,10022.97,12281.51,13523.72
Seychelles,15333.11,16566.99,17480.37,18440.23,19141.51,14041.48,14982.91,16836.67,18262.71,17858.82
Sierra Leone,964.58,844.42,779.19,845.91,844.05,845.98,886.19,860.77,757.85,873.39
Singapore,55645.61,57005.59,61236.25,66881.61,65952.04,61410.08,80056.13,90299.07,85412.23,90674.07
Sint Maarten (Dutch part),37839.63,37308.61,34701.31,31708.31,34861.47,30150.9,32548.44,36476.63,38077.54,40027.92
Slovak Republic,16442.08,16636.08,17645.53,19573.37,19406.06,19735.49,22132.45,21334.6,24673.55,26147.9
Slovenia,20697.27,21447.84,23303.08,25888.05,25814.17,25392.07,29187.37,28373.84,32610.11,34089.35
Small states,10408.66,10444.27,11271.79,12009.79,11958.51,10699.29,12369.06,13598.11,14222.97,15291.7
Solomon Islands,2045.48,2082.63,2143.57,2278.21,2223.67,2063.33,1996.87,2005.41,2076.11,2149.38
Somalia,445.58,460.93,510.94,509.53,539.89,518.18,549.11,573.13,597.46,636.98
South Africa,6112.27,5651.21,6618.34,6914.18,6533.71,5580.6,6843.4,6523.41,6022.54,6253.37
South Asia,1570.54,1722.91,1956.07,1988.37,2067.06,1957.2,2273.72,2385.08,2532.38,2691.65
South Asia (IDA & IBRD),1570.54,1722.91,1956.07,1988.37,2067.06,1957.2,2273.72,2385.08,2532.38,2691.65
South Sudan,1080.15,,,,,,,,,
Spain,25982.44,26755.61,28381.34,30602.42,29786.52,27233.94,30799.48,30270.27,33509.01,35297.01
Sri Lanka,4057.72,4149.19,4398.89,4358.56,4081.95,3847.6,3996.96,3342.64,3798.89,4515.57
St. Kitts and Nevis,20328.8,21387.54,22464.99,22901.38,23595.49,18859.02,18361.14,20985.01,22600.45,22771.42
St. Lucia,10334.99,10638.13,11333.11,11642.7,11794.06,8411.07,10459.13,13103.82,13554.77,14181.63
St. Martin (French part),,,,,19033.06,,21668.37,,,
St. Vincent and the Grenadines,7353.74,7656.9,7988.04,8428.13,8740.59,8351.2,8641.28,9693.56,10582.37,11501.23
Sub-Saharan Africa,1635.04,1452.27,1542.24,1612.74,1617.67,1480.48,1621.1,1696.44,1580.79,1516.35
Sub-Saharan Africa (IDA & IBRD countries),1635.04,1452.27,1542.24,1612.74,1617.67,1480.48,1621.1,1696.44,1580.79,1516.35
Sub-Saharan Africa (excluding high income),1747.88,1536.05,1630.63,1708.8,1705.21,1544.44,1700.42,1772.66,1614.14,1506.23
Sudan,1292.38,1033.22,966.51,731.03,709.98,577.8,712.12,1046.24,797.28,989.31
Suriname,8813.62,5644.21,6049.52,6665.74,6629.67,4755.39,5029.85,6084.44,5494.07,7430.7
Sweden,51197.95,51820.4,53300.86,54181.91,51773.05,52653.76,61174.97,55296.94,55567.09,57723.23
Switzerland,83806.45,82153.07,82254.38,85217.37,84121.93,85897.78,93664.77,94394.51,100631.8,103669.87
Syrian Arab Republic,847.73,656.35,851.5,1098.07,1109.54,572.36,663.61,1051.67,847.37,
Tajikistan,956.92,788.71,829.46,834.29,871.02,834.31,896.75,1052.18,1178.48,1341.2
Tanzania,939.13,953.01,986.67,1023.11,1063.32,1117.42,1159.86,1207.85,1224.49,1185.75
Thailand,5688.85,5833.58,6413.09,7099.78,7605.7,6985.64,7057.21,6909.35,7195.1,7345.14
Timor-Leste,1319.59,1335.54,1266.18,1219.47,1562.36,1630.87,2684.83,2343.25,1502.52,1343.15
Togo,751.05,772.58,792.77,851.13,826.26,853.58,939.61,898.76,985.7,1043.14
Tonga,4123.9,3987.99,4365.93,4638.9,4676.85,4700.45,4912.58,4933.07,4863.76,
Trinidad and Tobago,19887.23,17449.16,17578.64,17575.8,17293.47,15358.86,17679.18,20874.38,18639.26,19314.72
Tunisia,4014.95,3847.8,3619.03,3628.1,3528.87,3548.65,3906.94,3708.85,3950.38,4350.37
Turkiye,11050,10970.05,10695.55,9568.84,9215.44,8638.74,9743.21,10674.5,13105.66,15473.29
Turkmenistan,5759.5,5686.98,5828.48,6125.05,6648.03,6592.6,7051.2,8156.35,8232.65,8571.61
Turks and Caicos Islands,25736.1,26946.42,25614.84,31625.62,31780.52,20690.92,27329.29,31280.54,35470.22,37506.78
Tuvalu,3357.83,3808.7,4165.66,4466.12,5115.13,4976.11,5905.08,5911.33,6344.78,
Uganda,862.93,752.7,765.22,792.17,822.17,845.77,882.79,963.07,1002.31,1072.71
Ukraine,2094.47,2158.46,2604.29,3059.05,3619.86,3709.77,4775.95,4199.67,5139.6,5389.47
United Arab Emirates,43535,41326.4,42340.59,45689.86,44251.45,37173.88,43360.02,49899.07,49040.69,49377.56
United Kingdom,44983.89,40988.1,40629.23,43315.49,42794,40404.81,46926.48,46062.99,49200.81,52636.79
United States,56849.47,57976.63,60047.72,62875.67,65227.96,64401.51,71307.4,77860.91,82304.62,85809.9
Upper middle income,7434.6,7404.71,8053.63,8559.83,8647.4,8334.91,9905.06,10310.87,10631.32,10961.82
Uruguay,17125.9,17009.76,19184.65,19249.94,18315.73,15757.54,17881.82,20818.61,23019.42,23906.51
Uzbekistan,2803.19,2753.38,2190.6,1813.09,2041.38,1978.28,2258.52,2578.67,2878.97,3161.7
Vanuatu,2854.89,2956.13,3159.86,3206.66,3207.45,3042.99,3211.72,3292.34,3515.24,3542.81
"Venezuela, RB",,,,,,,,,,
Viet Nam,2577.57,2735.06,2956.11,3222.31,3440.9,3534.04,3704.19,4147.7,4323.35,4717.29
Virgin Islands (U.S.),34007.35,35324.97,35365.07,36663.21,38633.53,39787.37,42571.08,44320.91,,
West Bank and Gaza,3272.15,3527.61,3620.36,3562.33,3656.86,3233.57,3678.64,3799.96,3455.03,2592.31
World,10175.41,10221.37,10765.27,11326.93,11376.82,10963.18,12418.57,12819.74,13263.62,13673
"Yemen, Rep.",1362.17,975.36,811.17,633.89,623.38,559.56,522.17,615.7,426.35,433.17
Zambia,1295.88,1239.09,1483.47,1463.9,1258.99,951.64,1127.16,1447.12,1330.73,1235.08
Zimbabwe,1386.42,1407.42,3448.09,2271.85,1683.91,1730.45,1724.39,2040.55,2156.03,2656.41
